Ackermannviridae	Aggregaviridae	Aliceevansviridae	Alisviridae	Andersonviridae	Arenbergviridae	Asemoviridae	Assiduviridae	Atkinsviridae	Autolykiviridae	Autonotataviridae	Autoscriptoviridae	Autosignataviridae	Autotranscriptaviridae	Berryhillviridae	Blumeviridae	Casidaviridae	Casjensviridae	Chaseviridae	Chimalliviridae	Colingsworthviridae	Connertonviridae	Corticoviridae	Crevaviridae	Demerecviridae	Drexlerviridae	Duinviridae	Duneviridae	Ehrlichviridae	Epsomviridae	Felixviridae	Fiersviridae	Finnlakeviridae	Forsetiviridae	Fredfastierviridae	Grimontviridae	Guelinviridae	Helgolandviridae	Herelleviridae	Hodgkinviridae	Inoviridae	Intestiviridae	Jeanschmidtviridae	Kleczkowskaviridae	Konodaiviridae	Kruegerviridae	Kyanoviridae	Lakviridae	Lindbergviridae	Ludisviridae	Madridviridae	Matsushitaviridae	Mazoviaviridae	Mestraviridae	Mesyanzhinovviridae	Microviridae	Mktvariviridae	Molycolviridae	Naomviridae	Nixviridae	Obscuriviridae	Orlajensenviridae	Pachyviridae	Parnassusviridae	Paulinoviridae	Peduoviridae	Pervagoviridae	Plasmaviridae	Plectroviridae	Pootjesviridae	Rountreeviridae	Saffermanviridae	Salasmaviridae	Sarkviridae	Schitoviridae	Solspiviridae	Stackebrandtviridae	Stanwilliamsviridae	Steigviridae	Steitzviridae	Straboviridae	Suoliviridae	Tectiviridae	Toyamaviridae	Trautnerviridae	Umezonoviridae	Vandenendeviridae	Vilmaviridae	Winoviridae	Zierdtviridae	Zobellviridae
PHROG_19	PHROG_2	PHROG_3	PHROG_4	PHROG_6	PHROG_7	PHROG_873	PHROG_2	PHROG_4267	PHROG_873	PHROG_7	PHROG_19	PHROG_17	PHROG_107	PHROG_6	PHROG_4267	PHROG_9	PHROG_15	PHROG_6	PHROG_16	PHROG_5	PHROG_19	PHROG_91	PHROG_85	PHROG_2	PHROG_7	PHROG_4267	PHROG_53	PHROG_19	PHROG_7	PHROG_2	PHROG_4267	PHROG_702	PHROG_2	PHROG_17	PHROG_107	PHROG_1907	PHROG_2	PHROG_6	PHROG_5		PHROG_85	PHROG_4	PHROG_8	PHROG_2	PHROG_1	PHROG_16	PHROG_19	PHROG_6	PHROG_1	PHROG_199	PHROG_2666	PHROG_1	PHROG_2524	PHROG_2	PHROG_514	PHROG_7	PHROG_16	PHROG_2	PHROG_1	PHROG_19081	PHROG_5	PHROG_1	PHROG_91		PHROG_43	PHROG_17	PHROG_3	PHROG_11343	PHROG_19	PHROG_199	PHROG_38	PHROG_1907	PHROG_62	PHROG_38	PHROG_4267	PHROG_5	PHROG_2	PHROG_85	PHROG_4267	PHROG_19	PHROG_19	PHROG_2666	PHROG_1	PHROG_19	PHROG_3	PHROG_6	PHROG_1	PHROG_26	PHROG_9	PHROG_107
PHROG_22	PHROG_10	PHROG_5	PHROG_26	PHROG_7	PHROG_19	PHROG_2666	PHROG_171	PHROG_4286	PHROG_1907	PHROG_19	PHROG_107	PHROG_107	PHROG_112	PHROG_23	PHROG_4286	PHROG_17	PHROG_21	PHROG_11	PHROG_62	PHROG_9	PHROG_23	PHROG_402	PHROG_114	PHROG_10	PHROG_14	PHROG_4286	PHROG_216	PHROG_26	PHROG_16	PHROG_6	PHROG_4286	PHROG_4928	PHROG_10	PHROG_38	PHROG_114	PHROG_2006	PHROG_53	PHROG_19	PHROG_38		PHROG_114	PHROG_7	PHROG_16	PHROG_29	PHROG_19	PHROG_19	PHROG_22	PHROG_11	PHROG_4	PHROG_1027	PHROG_21776	PHROG_3		PHROG_62		PHROG_22	PHROG_19	PHROG_84	PHROG_53	PHROG_19410	PHROG_9	PHROG_148	PHROG_105		PHROG_46	PHROG_69	PHROG_216		PHROG_22	PHROG_1907	PHROG_239	PHROG_2006	PHROG_66	PHROG_124	PHROG_4286	PHROG_38	PHROG_12	PHROG_135	PHROG_4286	PHROG_22	PHROG_124	PHROG_5863	PHROG_156	PHROG_34	PHROG_12	PHROG_11	PHROG_9	PHROG_94	PHROG_29	PHROG_239
PHROG_23	PHROG_56	PHROG_202	PHROG_38	PHROG_11	PHROG_22	PHROG_4441	PHROG_239		PHROG_2666	PHROG_107	PHROG_221	PHROG_114	PHROG_239	PHROG_26		PHROG_22	PHROG_27	PHROG_17	PHROG_77	PHROG_10	PHROG_45	PHROG_873	PHROG_253	PHROG_12	PHROG_18		PHROG_4002	PHROG_47	PHROG_19	PHROG_146		PHROG_20088	PHROG_12	PHROG_124	PHROG_239	PHROG_2038	PHROG_129	PHROG_22	PHROG_44		PHROG_135	PHROG_38	PHROG_19	PHROG_50	PHROG_83	PHROG_22	PHROG_47	PHROG_62	PHROG_29	PHROG_1907	PHROG_29187	PHROG_8		PHROG_84		PHROG_107	PHROG_47	PHROG_86	PHROG_435	PHROG_19664	PHROG_12	PHROG_315	PHROG_2013		PHROG_48	PHROG_125			PHROG_23	PHROG_2006	PHROG_267	PHROG_2038	PHROG_69	PHROG_325		PHROG_102	PHROG_19	PHROG_190		PHROG_45	PHROG_412		PHROG_19255	PHROG_44	PHROG_44	PHROG_29	PHROG_19	PHROG_113	PHROG_62	PHROG_267
PHROG_45	PHROG_72	PHROG_297	PHROG_195	PHROG_22	PHROG_43	PHROG_8536	PHROG_4932		PHROG_3600	PHROG_114	PHROG_267	PHROG_221	PHROG_267	PHROG_44		PHROG_95	PHROG_29	PHROG_38	PHROG_97	PHROG_12	PHROG_47	PHROG_2666	PHROG_298	PHROG_16	PHROG_24		PHROG_10300	PHROG_69	PHROG_23	PHROG_196			PHROG_51	PHROG_139	PHROG_335	PHROG_2150	PHROG_216	PHROG_47	PHROG_421		PHROG_253	PHROG_62	PHROG_23	PHROG_64	PHROG_85	PHROG_23	PHROG_56	PHROG_114	PHROG_38	PHROG_2006	PHROG_29323	PHROG_19		PHROG_145		PHROG_170	PHROG_84	PHROG_107	PHROG_498	PHROG_19850	PHROG_2263	PHROG_392	PHROG_2666		PHROG_52	PHROG_190			PHROG_45	PHROG_2038	PHROG_332	PHROG_2150	PHROG_112	PHROG_743		PHROG_106	PHROG_22	PHROG_412		PHROG_47	PHROG_1252		PHROG_22135	PHROG_58	PHROG_50	PHROG_49	PHROG_22	PHROG_195	PHROG_102	PHROG_332
PHROG_77	PHROG_98	PHROG_998	PHROG_267	PHROG_29	PHROG_47	PHROG_8911	PHROG_5883		PHROG_8536	PHROG_267	PHROG_342	PHROG_239	PHROG_308	PHROG_113		PHROG_104	PHROG_49	PHROG_107	PHROG_100	PHROG_17	PHROG_69	PHROG_4441	PHROG_325	PHROG_19	PHROG_30		PHROG_18835	PHROG_85	PHROG_47	PHROG_205			PHROG_148	PHROG_325	PHROG_402	PHROG_4898	PHROG_524	PHROG_97	PHROG_434		PHROG_298	PHROG_84	PHROG_45	PHROG_72	PHROG_86	PHROG_45	PHROG_77	PHROG_120	PHROG_50	PHROG_2038	PHROG_29754	PHROG_47		PHROG_161		PHROG_239	PHROG_86	PHROG_145	PHROG_954	PHROG_20088	PHROG_4574	PHROG_715	PHROG_4849		PHROG_65	PHROG_246			PHROG_47	PHROG_2150	PHROG_1990	PHROG_2248	PHROG_145	PHROG_1216		PHROG_110	PHROG_47	PHROG_1501		PHROG_77	PHROG_1365		PHROG_22323	PHROG_59	PHROG_80	PHROG_85	PHROG_34	PHROG_267	PHROG_104	PHROG_7592
PHROG_100	PHROG_99	PHROG_1022	PHROG_296	PHROG_53	PHROG_54		PHROG_5945			PHROG_342	PHROG_414	PHROG_267	PHROG_342	PHROG_148		PHROG_117	PHROG_53	PHROG_114	PHROG_159	PHROG_33	PHROG_85	PHROG_8536	PHROG_1221	PHROG_22	PHROG_38		PHROG_19217	PHROG_113	PHROG_56	PHROG_324			PHROG_319	PHROG_889	PHROG_448	PHROG_5472	PHROG_625	PHROG_100	PHROG_597		PHROG_325	PHROG_85	PHROG_47	PHROG_148	PHROG_102	PHROG_47	PHROG_94	PHROG_181	PHROG_64	PHROG_2150	PHROG_30283	PHROG_59		PHROG_169		PHROG_323	PHROG_97	PHROG_169	PHROG_6444	PHROG_20522	PHROG_5493	PHROG_3188	PHROG_8536		PHROG_71	PHROG_403			PHROG_56	PHROG_2248	PHROG_10775	PHROG_3225	PHROG_179	PHROG_1297		PHROG_159	PHROG_85	PHROG_2872		PHROG_100	PHROG_1740		PHROG_23743	PHROG_64	PHROG_130	PHROG_86	PHROG_44	PHROG_907	PHROG_106	PHROG_7931
PHROG_114	PHROG_171	PHROG_1060	PHROG_310	PHROG_86	PHROG_77		PHROG_6645			PHROG_414	PHROG_423	PHROG_342	PHROG_446	PHROG_380		PHROG_123	PHROG_62	PHROG_120	PHROG_160	PHROG_80	PHROG_86	PHROG_8911	PHROG_1252	PHROG_31	PHROG_44		PHROG_19224	PHROG_139	PHROG_77	PHROG_370			PHROG_392	PHROG_1218	PHROG_619	PHROG_16615	PHROG_2860	PHROG_244	PHROG_620		PHROG_1221	PHROG_86	PHROG_54	PHROG_216	PHROG_106	PHROG_56	PHROG_97	PHROG_192	PHROG_130	PHROG_2248	PHROG_30846	PHROG_86		PHROG_174		PHROG_547	PHROG_100	PHROG_170	PHROG_21862	PHROG_20547	PHROG_5938	PHROG_3292	PHROG_12546		PHROG_73	PHROG_435			PHROG_77	PHROG_3225	PHROG_19395	PHROG_6358	PHROG_206	PHROG_1314		PHROG_352	PHROG_97	PHROG_6547		PHROG_107	PHROG_6547		PHROG_26635	PHROG_66	PHROG_135	PHROG_107	PHROG_94	PHROG_4579	PHROG_110	PHROG_8035
PHROG_138	PHROG_181	PHROG_1296	PHROG_491	PHROG_99	PHROG_86		PHROG_10066			PHROG_446	PHROG_446	PHROG_414	PHROG_449	PHROG_434		PHROG_137	PHROG_75	PHROG_126	PHROG_761	PHROG_95	PHROG_98	PHROG_18872	PHROG_3000	PHROG_47	PHROG_111		PHROG_19472	PHROG_190	PHROG_94	PHROG_6216			PHROG_674	PHROG_1328	PHROG_938	PHROG_16740	PHROG_7129	PHROG_279	PHROG_686		PHROG_1252	PHROG_114	PHROG_61	PHROG_390	PHROG_110	PHROG_61	PHROG_100	PHROG_196	PHROG_148	PHROG_15030	PHROG_31856	PHROG_114		PHROG_179		PHROG_1152	PHROG_107	PHROG_174	PHROG_22277	PHROG_20614	PHROG_6116	PHROG_4268	PHROG_12829		PHROG_74	PHROG_1075			PHROG_84		PHROG_19777	PHROG_6370	PHROG_241	PHROG_1357		PHROG_443	PHROG_159	PHROG_6681		PHROG_114	PHROG_6681		PHROG_27246	PHROG_115	PHROG_190	PHROG_113	PHROG_102	PHROG_4930	PHROG_123	PHROG_8094
PHROG_139	PHROG_412	PHROG_1489	PHROG_822	PHROG_107	PHROG_94		PHROG_10907			PHROG_449	PHROG_449	PHROG_423	PHROG_457	PHROG_595		PHROG_139	PHROG_93	PHROG_135	PHROG_2163	PHROG_139	PHROG_107	PHROG_19558	PHROG_6547	PHROG_77	PHROG_139		PHROG_19879	PHROG_192	PHROG_97	PHROG_6268			PHROG_1770	PHROG_1768	PHROG_945	PHROG_17212	PHROG_15037	PHROG_284	PHROG_776		PHROG_6547	PHROG_116	PHROG_84	PHROG_392	PHROG_123	PHROG_77	PHROG_107	PHROG_205	PHROG_216	PHROG_17155	PHROG_32089	PHROG_124		PHROG_206		PHROG_1216	PHROG_114	PHROG_206	PHROG_32115	PHROG_20649	PHROG_6509	PHROG_4932			PHROG_76	PHROG_2251			PHROG_86		PHROG_21185	PHROG_6682	PHROG_268	PHROG_2050		PHROG_645	PHROG_221	PHROG_9863		PHROG_138	PHROG_11589		PHROG_30264	PHROG_148	PHROG_434	PHROG_114	PHROG_104	PHROG_5233	PHROG_124	PHROG_8168
PHROG_150	PHROG_1273	PHROG_1567	PHROG_1238	PHROG_113	PHROG_97		PHROG_17619			PHROG_457	PHROG_457	PHROG_446	PHROG_805	PHROG_597		PHROG_193	PHROG_112	PHROG_139	PHROG_2767	PHROG_290	PHROG_114	PHROG_20312	PHROG_6681	PHROG_80	PHROG_161		PHROG_19897	PHROG_195	PHROG_100	PHROG_6356			PHROG_1891	PHROG_2210	PHROG_1216		PHROG_19879	PHROG_379	PHROG_777		PHROG_6681	PHROG_135	PHROG_85	PHROG_435	PHROG_148	PHROG_81	PHROG_135	PHROG_222	PHROG_309	PHROG_22499	PHROG_32686	PHROG_135		PHROG_212		PHROG_1265	PHROG_138	PHROG_239		PHROG_20798	PHROG_9116	PHROG_6547			PHROG_103	PHROG_3054			PHROG_97		PHROG_21656		PHROG_290	PHROG_2051		PHROG_776	PHROG_229	PHROG_11589		PHROG_139	PHROG_12622		PHROG_32516	PHROG_176	PHROG_442	PHROG_174	PHROG_106	PHROG_6911	PHROG_137	PHROG_8956
PHROG_159	PHROG_2324	PHROG_1814	PHROG_3267	PHROG_114	PHROG_100		PHROG_20586			PHROG_862	PHROG_862	PHROG_449	PHROG_822	PHROG_620		PHROG_226	PHROG_141	PHROG_146	PHROG_2921	PHROG_298	PHROG_135	PHROG_20333	PHROG_10056	PHROG_86	PHROG_169		PHROG_20317	PHROG_290	PHROG_107	PHROG_6359			PHROG_3377	PHROG_13889	PHROG_1328		PHROG_20911	PHROG_675	PHROG_779		PHROG_11589	PHROG_139	PHROG_86	PHROG_940	PHROG_159	PHROG_86	PHROG_160	PHROG_302	PHROG_315	PHROG_22891	PHROG_32692	PHROG_139		PHROG_290		PHROG_1312	PHROG_181	PHROG_241		PHROG_21678	PHROG_14988	PHROG_6645			PHROG_603	PHROG_3188			PHROG_100		PHROG_33290		PHROG_329	PHROG_2072		PHROG_777	PHROG_289	PHROG_12143		PHROG_150	PHROG_28748		PHROG_35482	PHROG_183	PHROG_1885	PHROG_196	PHROG_110	PHROG_19076	PHROG_226	PHROG_20726
PHROG_168	PHROG_2359	PHROG_1982	PHROG_4151	PHROG_120	PHROG_107		PHROG_22398			PHROG_1018	PHROG_891	PHROG_457	PHROG_920	PHROG_645		PHROG_244	PHROG_724	PHROG_196	PHROG_2926	PHROG_1885	PHROG_138	PHROG_20723	PHROG_11589	PHROG_99	PHROG_179		PHROG_20504	PHROG_405	PHROG_135	PHROG_6560			PHROG_4159	PHROG_14296	PHROG_1663		PHROG_25418	PHROG_752	PHROG_781		PHROG_12622	PHROG_145	PHROG_100	PHROG_1033	PHROG_192	PHROG_97	PHROG_168	PHROG_324	PHROG_392	PHROG_23584	PHROG_33523	PHROG_159		PHROG_477		PHROG_1663	PHROG_207	PHROG_247		PHROG_21890	PHROG_15555	PHROG_6681			PHROG_3746	PHROG_4191			PHROG_107				PHROG_396	PHROG_2109		PHROG_779	PHROG_367	PHROG_12177		PHROG_160	PHROG_33740			PHROG_194	PHROG_2324	PHROG_205	PHROG_123	PHROG_38413	PHROG_240	
PHROG_170	PHROG_2585	PHROG_1994	PHROG_6305	PHROG_139	PHROG_114		PHROG_22562			PHROG_1448	PHROG_1018	PHROG_805	PHROG_945	PHROG_673		PHROG_283	PHROG_807	PHROG_205	PHROG_2927	PHROG_2369	PHROG_168	PHROG_20836	PHROG_12622	PHROG_100	PHROG_264		PHROG_20533	PHROG_675	PHROG_160	PHROG_6566			PHROG_4276	PHROG_14764	PHROG_1740		PHROG_28855	PHROG_772	PHROG_783			PHROG_169	PHROG_107	PHROG_1423	PHROG_270	PHROG_100	PHROG_174	PHROG_325	PHROG_620	PHROG_24156	PHROG_33729	PHROG_200		PHROG_778		PHROG_1740	PHROG_213	PHROG_322			PHROG_22141	PHROG_9620			PHROG_4226	PHROG_5154			PHROG_114				PHROG_477	PHROG_2120		PHROG_781	PHROG_405	PHROG_12622		PHROG_168				PHROG_202	PHROG_5493	PHROG_221	PHROG_137		PHROG_346	
PHROG_173	PHROG_3342	PHROG_13906	PHROG_6767	PHROG_160	PHROG_138		PHROG_24382			PHROG_3883	PHROG_2083	PHROG_862	PHROG_1052	PHROG_971		PHROG_298	PHROG_1082	PHROG_239	PHROG_2943	PHROG_3671	PHROG_207	PHROG_24031	PHROG_15610	PHROG_107	PHROG_302		PHROG_20837	PHROG_976	PHROG_168	PHROG_6671			PHROG_4932	PHROG_14902	PHROG_2520		PHROG_37298	PHROG_877	PHROG_792			PHROG_170	PHROG_135	PHROG_1770	PHROG_283	PHROG_138	PHROG_200	PHROG_349	PHROG_874	PHROG_25389	PHROG_33914	PHROG_216		PHROG_1082		PHROG_2425	PHROG_219	PHROG_337			PHROG_22278	PHROG_10199			PHROG_8979	PHROG_5725			PHROG_138				PHROG_704	PHROG_2125		PHROG_783	PHROG_472	PHROG_15310		PHROG_173				PHROG_238	PHROG_5577	PHROG_239	PHROG_193		PHROG_405	
PHROG_207	PHROG_4932	PHROG_18627	PHROG_6891	PHROG_196	PHROG_139		PHROG_25460			PHROG_5112	PHROG_3112	PHROG_891	PHROG_1307	PHROG_1221		PHROG_333	PHROG_1156	PHROG_264	PHROG_2962	PHROG_6088	PHROG_211	PHROG_30767		PHROG_135	PHROG_303		PHROG_20846	PHROG_1358	PHROG_170	PHROG_6737			PHROG_6195	PHROG_15042	PHROG_2599			PHROG_937	PHROG_810			PHROG_179	PHROG_138	PHROG_5302	PHROG_301	PHROG_150	PHROG_207	PHROG_405	PHROG_954	PHROG_26145	PHROG_34543	PHROG_240		PHROG_1101		PHROG_2430	PHROG_222	PHROG_414			PHROG_23968	PHROG_10423			PHROG_13288	PHROG_6437			PHROG_139				PHROG_1538	PHROG_2130		PHROG_792	PHROG_505	PHROG_15558		PHROG_174				PHROG_247	PHROG_11324	PHROG_280	PHROG_240		PHROG_476	
PHROG_211	PHROG_5154		PHROG_6911	PHROG_205	PHROG_150		PHROG_27981			PHROG_6529	PHROG_9556	PHROG_920	PHROG_1320	PHROG_1650		PHROG_351	PHROG_1180	PHROG_280	PHROG_2986	PHROG_9220	PHROG_213	PHROG_32177		PHROG_139	PHROG_324		PHROG_20906	PHROG_1625	PHROG_174	PHROG_7694			PHROG_7445	PHROG_15136	PHROG_2941			PHROG_975	PHROG_837			PHROG_192	PHROG_150	PHROG_5377	PHROG_317	PHROG_168	PHROG_213	PHROG_421	PHROG_1365	PHROG_26305	PHROG_34887	PHROG_284		PHROG_1180		PHROG_2520	PHROG_380	PHROG_447			PHROG_24516	PHROG_10445				PHROG_6547			PHROG_150				PHROG_1819	PHROG_2135		PHROG_810	PHROG_562	PHROG_15670		PHROG_207				PHROG_263		PHROG_335	PHROG_283		PHROG_1156	
PHROG_213	PHROG_5934		PHROG_11321	PHROG_222	PHROG_160		PHROG_28384			PHROG_9556	PHROG_17672	PHROG_1018	PHROG_1327	PHROG_3585		PHROG_355	PHROG_1196	PHROG_302	PHROG_2987	PHROG_9589	PHROG_218	PHROG_32586		PHROG_160	PHROG_412		PHROG_21169	PHROG_1650	PHROG_200	PHROG_7750			PHROG_8470	PHROG_15145	PHROG_3636			PHROG_984	PHROG_838			PHROG_206	PHROG_174	PHROG_5597	PHROG_352	PHROG_170	PHROG_224	PHROG_1544	PHROG_1373	PHROG_26520	PHROG_35191	PHROG_291		PHROG_1196		PHROG_2599	PHROG_421	PHROG_448			PHROG_26963	PHROG_10907				PHROG_6681			PHROG_159				PHROG_2180	PHROG_2139		PHROG_2998	PHROG_612	PHROG_28748		PHROG_211				PHROG_323		PHROG_349	PHROG_338		PHROG_1218	
PHROG_215	PHROG_6195		PHROG_14123	PHROG_239	PHROG_168		PHROG_28730			PHROG_17672		PHROG_1249	PHROG_1339	PHROG_3894		PHROG_501	PHROG_4858	PHROG_414	PHROG_3004	PHROG_13282	PHROG_223	PHROG_34393		PHROG_170	PHROG_415		PHROG_21262	PHROG_1740	PHROG_207	PHROG_7986			PHROG_13084	PHROG_15189	PHROG_3715			PHROG_985	PHROG_859			PHROG_212	PHROG_181	PHROG_5824	PHROG_356	PHROG_178	PHROG_262	PHROG_1992	PHROG_1770	PHROG_27339	PHROG_35387	PHROG_318		PHROG_2165		PHROG_2941	PHROG_435	PHROG_465			PHROG_28553	PHROG_13704				PHROG_11660			PHROG_160				PHROG_2359	PHROG_2166		PHROG_6090	PHROG_850	PHROG_33740		PHROG_213				PHROG_434		PHROG_448	PHROG_353		PHROG_1522	
PHROG_218	PHROG_10066		PHROG_14983	PHROG_240	PHROG_170		PHROG_29116					PHROG_1312	PHROG_1351	PHROG_4565		PHROG_1338	PHROG_5078	PHROG_530	PHROG_3011	PHROG_13571	PHROG_224	PHROG_37020		PHROG_200	PHROG_510		PHROG_21356	PHROG_1905	PHROG_213	PHROG_8212			PHROG_13625	PHROG_15194	PHROG_3815			PHROG_1000	PHROG_1221			PHROG_216	PHROG_192	PHROG_6572	PHROG_421	PHROG_182	PHROG_293	PHROG_2013	PHROG_4245	PHROG_27791	PHROG_36135	PHROG_379		PHROG_4044		PHROG_3106	PHROG_540	PHROG_477			PHROG_29062	PHROG_13764				PHROG_11770			PHROG_168				PHROG_2452	PHROG_2206		PHROG_8780	PHROG_1017			PHROG_219				PHROG_1161		PHROG_547	PHROG_388		PHROG_1729	
PHROG_219	PHROG_13631		PHROG_19572	PHROG_280	PHROG_174		PHROG_29280					PHROG_2710	PHROG_1391	PHROG_5026		PHROG_1885	PHROG_6647	PHROG_563	PHROG_3013	PHROG_14726	PHROG_225	PHROG_37720		PHROG_244	PHROG_584		PHROG_21433	PHROG_2234	PHROG_218	PHROG_8737			PHROG_15220	PHROG_15195	PHROG_4287			PHROG_1004	PHROG_1389			PHROG_240	PHROG_207	PHROG_8581	PHROG_434	PHROG_207	PHROG_298	PHROG_2165	PHROG_5302	PHROG_29520	PHROG_36500	PHROG_388		PHROG_6213		PHROG_3636	PHROG_543	PHROG_547			PHROG_30740	PHROG_13932				PHROG_13704			PHROG_170				PHROG_2508	PHROG_2220		PHROG_13927	PHROG_1128			PHROG_223				PHROG_2234		PHROG_562	PHROG_403		PHROG_1981	
PHROG_223	PHROG_14476		PHROG_21917	PHROG_316	PHROG_192		PHROG_30696					PHROG_2725	PHROG_1447	PHROG_5088		PHROG_5046	PHROG_7200	PHROG_587	PHROG_3014	PHROG_15072	PHROG_230			PHROG_246	PHROG_606		PHROG_21662	PHROG_3517	PHROG_224	PHROG_11810			PHROG_18891	PHROG_15217	PHROG_4590			PHROG_1007	PHROG_1397			PHROG_289	PHROG_219	PHROG_9196	PHROG_476	PHROG_211	PHROG_351	PHROG_2378	PHROG_5377	PHROG_30532	PHROG_36565	PHROG_405		PHROG_6420		PHROG_3715	PHROG_551	PHROG_548				PHROG_13977				PHROG_13764			PHROG_174				PHROG_3064	PHROG_2346		PHROG_14225	PHROG_1194			PHROG_224				PHROG_2289		PHROG_587	PHROG_448		PHROG_2089	
PHROG_224	PHROG_15220		PHROG_22546	PHROG_335	PHROG_207		PHROG_30743					PHROG_4290	PHROG_1452	PHROG_5102		PHROG_6088	PHROG_7766	PHROG_862	PHROG_3015	PHROG_15865	PHROG_262			PHROG_255	PHROG_704		PHROG_21862	PHROG_4224	PHROG_236				PHROG_20807	PHROG_15420	PHROG_4736			PHROG_1011	PHROG_1540			PHROG_290	PHROG_221	PHROG_9710	PHROG_501	PHROG_213	PHROG_388	PHROG_2402	PHROG_5597	PHROG_35592	PHROG_36838	PHROG_421				PHROG_3815	PHROG_671	PHROG_938				PHROG_14027				PHROG_13932			PHROG_192				PHROG_3127	PHROG_2573		PHROG_14331	PHROG_1221			PHROG_225				PHROG_2514		PHROG_619	PHROG_466		PHROG_2624	
PHROG_225	PHROG_17769		PHROG_35074	PHROG_349	PHROG_211		PHROG_30857					PHROG_4429	PHROG_1777	PHROG_5161		PHROG_6361	PHROG_11703	PHROG_938	PHROG_3141	PHROG_17335	PHROG_429			PHROG_313	PHROG_757		PHROG_21888	PHROG_5422	PHROG_289				PHROG_26672	PHROG_15533	PHROG_4877			PHROG_1015	PHROG_2324			PHROG_325	PHROG_255	PHROG_11501	PHROG_533	PHROG_218	PHROG_420	PHROG_2420	PHROG_5781		PHROG_38718	PHROG_435				PHROG_4281	PHROG_755	PHROG_1158				PHROG_14478				PHROG_13977			PHROG_207				PHROG_3228	PHROG_2886		PHROG_14395	PHROG_1338			PHROG_227				PHROG_3717		PHROG_768	PHROG_476		PHROG_3428	
PHROG_227	PHROG_19415			PHROG_402	PHROG_213		PHROG_31071					PHROG_4571	PHROG_1950	PHROG_5178		PHROG_8079	PHROG_33262	PHROG_1026	PHROG_3148	PHROG_18607	PHROG_430			PHROG_316	PHROG_824		PHROG_22277	PHROG_6177	PHROG_298				PHROG_30669	PHROG_15544	PHROG_6465			PHROG_1025	PHROG_4102			PHROG_329	PHROG_261	PHROG_11557	PHROG_547	PHROG_219	PHROG_435	PHROG_2423	PHROG_5824			PHROG_448				PHROG_4287	PHROG_774	PHROG_1302				PHROG_14543				PHROG_14478			PHROG_211				PHROG_3614	PHROG_2979		PHROG_14463	PHROG_1623			PHROG_230				PHROG_4175		PHROG_817	PHROG_505		PHROG_3583	
PHROG_230	PHROG_19654			PHROG_447	PHROG_218		PHROG_31932					PHROG_5754	PHROG_2385	PHROG_5207		PHROG_9220		PHROG_1985	PHROG_3179	PHROG_19947	PHROG_543			PHROG_323	PHROG_1804		PHROG_22657	PHROG_8346	PHROG_388					PHROG_15550	PHROG_6599			PHROG_1028	PHROG_7371			PHROG_395	PHROG_281	PHROG_11581	PHROG_565	PHROG_223	PHROG_448	PHROG_2580	PHROG_6025			PHROG_506				PHROG_4590	PHROG_843	PHROG_1735				PHROG_14854				PHROG_14543			PHROG_213				PHROG_3766			PHROG_14528	PHROG_1649			PHROG_231				PHROG_5156		PHROG_939	PHROG_572		PHROG_4120	
PHROG_231	PHROG_22398			PHROG_448	PHROG_231		PHROG_33297					PHROG_5791	PHROG_15524	PHROG_5231		PHROG_15003		PHROG_2652	PHROG_3181	PHROG_22424	PHROG_551			PHROG_415	PHROG_1989		PHROG_22913	PHROG_8542	PHROG_420					PHROG_15554	PHROG_8771			PHROG_1047	PHROG_8269			PHROG_420	PHROG_316	PHROG_12688	PHROG_577	PHROG_224	PHROG_505	PHROG_3714	PHROG_6572			PHROG_619				PHROG_4736	PHROG_1198	PHROG_1843				PHROG_15702				PHROG_15439			PHROG_219				PHROG_3945			PHROG_21374	PHROG_1706			PHROG_232				PHROG_5422		PHROG_968	PHROG_619		PHROG_6007	
PHROG_232	PHROG_33177			PHROG_487	PHROG_244		PHROG_33792					PHROG_6507	PHROG_15971	PHROG_5264		PHROG_21236		PHROG_4364	PHROG_3184	PHROG_22587	PHROG_562			PHROG_442	PHROG_2324		PHROG_23945	PHROG_8960	PHROG_435					PHROG_15622	PHROG_9013			PHROG_1054	PHROG_9116			PHROG_427	PHROG_430	PHROG_13246	PHROG_581	PHROG_225	PHROG_506	PHROG_3717	PHROG_6767			PHROG_691				PHROG_4877	PHROG_1485	PHROG_2018				PHROG_16091				PHROG_15656			PHROG_223				PHROG_4069				PHROG_2002			PHROG_237				PHROG_17574		PHROG_979	PHROG_726		PHROG_6090	
PHROG_234	PHROG_34301			PHROG_600	PHROG_246		PHROG_34002					PHROG_6703	PHROG_17900	PHROG_5280				PHROG_7364	PHROG_3185	PHROG_22972	PHROG_592			PHROG_487	PHROG_2373		PHROG_25337	PHROG_8966	PHROG_487					PHROG_15730	PHROG_9477			PHROG_1063	PHROG_9148			PHROG_434	PHROG_435	PHROG_13941	PHROG_636	PHROG_227	PHROG_543	PHROG_4414	PHROG_7935			PHROG_799				PHROG_4919	PHROG_1818	PHROG_2141				PHROG_16200				PHROG_15768			PHROG_224				PHROG_4451				PHROG_2170			PHROG_242				PHROG_19445		PHROG_990	PHROG_850		PHROG_6439	
PHROG_237	PHROG_34368			PHROG_609	PHROG_262		PHROG_35517					PHROG_9033	PHROG_30362	PHROG_5303				PHROG_8147	PHROG_3187	PHROG_24218	PHROG_679			PHROG_531	PHROG_2589		PHROG_25418	PHROG_9001	PHROG_505					PHROG_15870	PHROG_10984			PHROG_1069	PHROG_14528			PHROG_448	PHROG_452	PHROG_14010	PHROG_671	PHROG_230	PHROG_547	PHROG_4475	PHROG_8684			PHROG_1084				PHROG_4939	PHROG_2573	PHROG_2633				PHROG_16207				PHROG_16207			PHROG_225				PHROG_4557				PHROG_2175			PHROG_254				PHROG_20592		PHROG_1530	PHROG_940		PHROG_6587	
PHROG_242	PHROG_36519			PHROG_612	PHROG_281		PHROG_36505					PHROG_17672		PHROG_5480				PHROG_11820	PHROG_3196	PHROG_25369	PHROG_799			PHROG_547	PHROG_2676		PHROG_25557	PHROG_9019	PHROG_506					PHROG_15895	PHROG_13258			PHROG_1070	PHROG_16277			PHROG_464	PHROG_464	PHROG_15074	PHROG_733	PHROG_231	PHROG_548	PHROG_4627	PHROG_9710			PHROG_1128				PHROG_6375	PHROG_3139	PHROG_2708				PHROG_16268				PHROG_16786			PHROG_227				PHROG_4684				PHROG_2259			PHROG_255				PHROG_22079		PHROG_1613	PHROG_950		PHROG_7785	
PHROG_254				PHROG_619	PHROG_289		PHROG_37370							PHROG_6156				PHROG_11887	PHROG_3201	PHROG_34082	PHROG_1501			PHROG_643	PHROG_2684		PHROG_27760	PHROG_9046	PHROG_540					PHROG_15905	PHROG_15971			PHROG_1073	PHROG_16866			PHROG_477	PHROG_519	PHROG_15125	PHROG_740	PHROG_232	PHROG_551	PHROG_4630	PHROG_10156			PHROG_1401				PHROG_6465	PHROG_3676	PHROG_3519				PHROG_16786				PHROG_17252			PHROG_230				PHROG_4879				PHROG_3636			PHROG_261				PHROG_23069		PHROG_1732	PHROG_959		PHROG_8963	
PHROG_255				PHROG_626	PHROG_298									PHROG_7351				PHROG_12735	PHROG_3209		PHROG_3188			PHROG_739	PHROG_2716			PHROG_9217	PHROG_543					PHROG_15925	PHROG_19161			PHROG_1074	PHROG_23582			PHROG_612	PHROG_523	PHROG_15742	PHROG_889	PHROG_234	PHROG_619	PHROG_4660	PHROG_10445			PHROG_1815				PHROG_6466	PHROG_4400	PHROG_3739				PHROG_16922				PHROG_19930			PHROG_231				PHROG_4947				PHROG_5189			PHROG_262				PHROG_35666		PHROG_1827	PHROG_968		PHROG_9506	
PHROG_261				PHROG_850	PHROG_316									PHROG_7470				PHROG_12771	PHROG_3213		PHROG_3339			PHROG_812	PHROG_2794			PHROG_9356	PHROG_547					PHROG_16067	PHROG_20917			PHROG_1080				PHROG_644	PHROG_540	PHROG_16625	PHROG_1126	PHROG_237	PHROG_626	PHROG_4730	PHROG_11557			PHROG_1926				PHROG_6570	PHROG_7076	PHROG_3848				PHROG_16990				PHROG_21885			PHROG_232				PHROG_5169				PHROG_5359			PHROG_269						PHROG_1985	PHROG_1223		PHROG_12059	
PHROG_262				PHROG_979	PHROG_343									PHROG_9144				PHROG_13087	PHROG_3216		PHROG_3811			PHROG_860	PHROG_2817			PHROG_9987	PHROG_548					PHROG_16165	PHROG_23234			PHROG_1089				PHROG_778	PHROG_543	PHROG_16646	PHROG_1467	PHROG_242	PHROG_655	PHROG_4765	PHROG_11996			PHROG_2367				PHROG_6599	PHROG_7922	PHROG_6047				PHROG_17028				PHROG_22602			PHROG_234				PHROG_5672				PHROG_6053			PHROG_281						PHROG_2071	PHROG_1496		PHROG_12539	
PHROG_269				PHROG_1152	PHROG_420									PHROG_9203				PHROG_14310	PHROG_3222		PHROG_3844			PHROG_938	PHROG_2856			PHROG_10519	PHROG_551					PHROG_16205	PHROG_25101			PHROG_1095				PHROG_799	PHROG_547	PHROG_16681	PHROG_1581	PHROG_249	PHROG_705	PHROG_4774	PHROG_13251			PHROG_2484				PHROG_6662	PHROG_9148	PHROG_6215				PHROG_17252				PHROG_23765			PHROG_261				PHROG_5702				PHROG_6269			PHROG_316						PHROG_2267	PHROG_1568		PHROG_12740	
PHROG_289				PHROG_1373	PHROG_432									PHROG_9229				PHROG_14321	PHROG_3227		PHROG_3987			PHROG_1119	PHROG_2877			PHROG_11024	PHROG_562					PHROG_16263	PHROG_31467			PHROG_1098				PHROG_990	PHROG_624	PHROG_16697	PHROG_2174	PHROG_254	PHROG_761	PHROG_4783	PHROG_14220			PHROG_2598				PHROG_6814	PHROG_10774	PHROG_8676				PHROG_17258				PHROG_25228			PHROG_262				PHROG_7766				PHROG_6306			PHROG_325						PHROG_2282	PHROG_1649		PHROG_12880	
PHROG_298				PHROG_1732	PHROG_456									PHROG_9354				PHROG_16481	PHROG_3229		PHROG_5417			PHROG_1209	PHROG_2919			PHROG_11167	PHROG_626					PHROG_16266	PHROG_32895			PHROG_1104				PHROG_1040	PHROG_691	PHROG_16718	PHROG_2259	PHROG_261	PHROG_839	PHROG_4796	PHROG_15768			PHROG_2729				PHROG_6887	PHROG_15610	PHROG_8931				PHROG_17619				PHROG_25644			PHROG_298				PHROG_11600				PHROG_7499			PHROG_335						PHROG_2544	PHROG_1746		PHROG_13050	
PHROG_335				PHROG_2114	PHROG_540													PHROG_17031	PHROG_3231		PHROG_5989			PHROG_1302	PHROG_4344			PHROG_12043	PHROG_652					PHROG_16359	PHROG_35431			PHROG_1108				PHROG_1075	PHROG_739	PHROG_17289	PHROG_2302	PHROG_262	PHROG_850	PHROG_4797	PHROG_15773			PHROG_2739				PHROG_6921	PHROG_21388	PHROG_10250				PHROG_18548				PHROG_27087			PHROG_314				PHROG_12538				PHROG_8113			PHROG_388						PHROG_2554	PHROG_1821		PHROG_13218	
PHROG_350				PHROG_2143	PHROG_609													PHROG_17371	PHROG_3233		PHROG_6931			PHROG_1460	PHROG_4946			PHROG_26795	PHROG_761					PHROG_16372	PHROG_38711			PHROG_1113				PHROG_1460	PHROG_768	PHROG_17456	PHROG_2421	PHROG_274	PHROG_894	PHROG_4828	PHROG_15937			PHROG_2765				PHROG_7431	PHROG_21885	PHROG_14690				PHROG_18766				PHROG_30150			PHROG_316				PHROG_15027				PHROG_8980			PHROG_420						PHROG_2686	PHROG_1882		PHROG_13327	
PHROG_358				PHROG_2144	PHROG_612													PHROG_17419	PHROG_3235		PHROG_8774			PHROG_1479	PHROG_5684				PHROG_924					PHROG_16393	PHROG_38876			PHROG_1116				PHROG_1540	PHROG_850	PHROG_18290	PHROG_2624	PHROG_275	PHROG_968	PHROG_4861	PHROG_15994			PHROG_3169				PHROG_7469	PHROG_25379	PHROG_15752				PHROG_18952				PHROG_31199			PHROG_350				PHROG_15288				PHROG_9394			PHROG_429						PHROG_2860	PHROG_2869		PHROG_13444	
PHROG_379				PHROG_2210	PHROG_624													PHROG_18131	PHROG_3239		PHROG_9351			PHROG_1491	PHROG_12751				PHROG_1075					PHROG_16416				PHROG_1127				PHROG_1745	PHROG_877	PHROG_30437	PHROG_3207	PHROG_298	PHROG_1017	PHROG_4900	PHROG_17519			PHROG_3313				PHROG_7832	PHROG_25979	PHROG_15971				PHROG_19216				PHROG_31716			PHROG_358				PHROG_17193				PHROG_9427			PHROG_430						PHROG_3360	PHROG_3547		PHROG_13455	
PHROG_420				PHROG_2267	PHROG_931													PHROG_18403	PHROG_3241		PHROG_9385			PHROG_1607	PHROG_17368				PHROG_1086					PHROG_16435				PHROG_1133				PHROG_1770	PHROG_986	PHROG_34745	PHROG_3534	PHROG_358	PHROG_1086	PHROG_5165	PHROG_19572			PHROG_3314				PHROG_8294	PHROG_26111	PHROG_20898				PHROG_19295				PHROG_34748			PHROG_429				PHROG_31307				PHROG_9440			PHROG_464						PHROG_3506	PHROG_3760		PHROG_13496	
PHROG_429				PHROG_2652	PHROG_938													PHROG_18523	PHROG_3242		PHROG_9690			PHROG_1725	PHROG_34481				PHROG_1185					PHROG_16463				PHROG_1151				PHROG_2072	PHROG_1040		PHROG_3895	PHROG_375	PHROG_1198		PHROG_19606			PHROG_3853				PHROG_8339	PHROG_29238	PHROG_25404				PHROG_19366				PHROG_37590			PHROG_438				PHROG_33703				PHROG_9487			PHROG_505						PHROG_3899	PHROG_3777		PHROG_13499	
PHROG_430				PHROG_2874	PHROG_1192													PHROG_19855	PHROG_3245		PHROG_9704			PHROG_1745					PHROG_1198					PHROG_16480				PHROG_1205				PHROG_2259	PHROG_1198		PHROG_3963	PHROG_385	PHROG_1238		PHROG_20501			PHROG_3987				PHROG_8591	PHROG_36119	PHROG_26466				PHROG_19566							PHROG_456				PHROG_38225				PHROG_9507			PHROG_543						PHROG_3900	PHROG_3856		PHROG_13959	
PHROG_464				PHROG_2993	PHROG_1198													PHROG_21735	PHROG_3248		PHROG_9914			PHROG_1827					PHROG_1211					PHROG_16487				PHROG_1240				PHROG_2319	PHROG_1211		PHROG_4158	PHROG_395	PHROG_1272		PHROG_20732			PHROG_4051				PHROG_8771	PHROG_38014	PHROG_32459				PHROG_19568							PHROG_473				PHROG_38319				PHROG_9616			PHROG_548						PHROG_3948	PHROG_4413		PHROG_13965	
PHROG_531				PHROG_3303	PHROG_1250														PHROG_3254		PHROG_10417			PHROG_2162					PHROG_1297					PHROG_16503				PHROG_1321				PHROG_2913	PHROG_1238		PHROG_5536	PHROG_402	PHROG_1297		PHROG_21416			PHROG_4088				PHROG_9013						PHROG_19705							PHROG_543								PHROG_9645			PHROG_551						PHROG_4025	PHROG_4464		PHROG_14019	
PHROG_543				PHROG_3358	PHROG_1297														PHROG_3265		PHROG_13044			PHROG_2210					PHROG_1314					PHROG_16522				PHROG_1394				PHROG_3230	PHROG_1297		PHROG_6007	PHROG_407	PHROG_1314		PHROG_21917			PHROG_4147				PHROG_9296						PHROG_19724							PHROG_551								PHROG_9721			PHROG_562						PHROG_4087	PHROG_4870		PHROG_14117	
PHROG_547				PHROG_3436	PHROG_1314														PHROG_3284		PHROG_14173			PHROG_2502					PHROG_1374					PHROG_16555				PHROG_1917				PHROG_4271	PHROG_1314		PHROG_6090	PHROG_417	PHROG_1383		PHROG_25200			PHROG_4211				PHROG_9477						PHROG_19735							PHROG_634								PHROG_9818			PHROG_592						PHROG_4103	PHROG_5775		PHROG_14298	
PHROG_551				PHROG_3500	PHROG_1460														PHROG_3289		PHROG_16537			PHROG_2855					PHROG_1383					PHROG_16563				PHROG_4008				PHROG_4771	PHROG_1322		PHROG_6650	PHROG_431	PHROG_1460		PHROG_26422			PHROG_4412				PHROG_9955						PHROG_20023							PHROG_652								PHROG_9983			PHROG_600						PHROG_4172	PHROG_5872		PHROG_14384	
PHROG_600				PHROG_3623	PHROG_1918														PHROG_3293					PHROG_3359					PHROG_1423					PHROG_16737				PHROG_9690				PHROG_6452	PHROG_1394		PHROG_6831	PHROG_432	PHROG_1649		PHROG_28300			PHROG_4645				PHROG_10305						PHROG_20117							PHROG_1183								PHROG_10025			PHROG_609						PHROG_4233	PHROG_5917		PHROG_14439	
PHROG_631				PHROG_3721	PHROG_2072														PHROG_3294					PHROG_3498					PHROG_1460									PHROG_15361				PHROG_8233	PHROG_1649		PHROG_7225	PHROG_438	PHROG_1740		PHROG_31303			PHROG_4915				PHROG_10314						PHROG_20294							PHROG_1259								PHROG_10030			PHROG_612						PHROG_4256	PHROG_5963		PHROG_14599	
PHROG_639				PHROG_3840	PHROG_2076														PHROG_3295					PHROG_3611					PHROG_1479									PHROG_21388				PHROG_8578	PHROG_1990		PHROG_7609	PHROG_440	PHROG_1818		PHROG_35295			PHROG_5251				PHROG_10640						PHROG_20415							PHROG_1649								PHROG_10127			PHROG_622						PHROG_4323	PHROG_6206		PHROG_15206	
PHROG_652				PHROG_3877	PHROG_2197														PHROG_3315					PHROG_3696					PHROG_1649													PHROG_8593	PHROG_2072		PHROG_7690	PHROG_445	PHROG_1880					PHROG_5523				PHROG_10643						PHROG_20842							PHROG_1740								PHROG_10194			PHROG_626						PHROG_4349	PHROG_12221		PHROG_16405	
PHROG_679				PHROG_3931	PHROG_2389														PHROG_3328					PHROG_3712					PHROG_1740													PHROG_8676	PHROG_2143		PHROG_8952	PHROG_451	PHROG_1918					PHROG_5830				PHROG_10819						PHROG_20868							PHROG_1794								PHROG_10359			PHROG_639						PHROG_4625	PHROG_18272		PHROG_16947	
PHROG_735				PHROG_3970	PHROG_2640														PHROG_3337					PHROG_3725					PHROG_1815													PHROG_9417	PHROG_2426		PHROG_10015	PHROG_452	PHROG_2087					PHROG_6123				PHROG_10984						PHROG_20973							PHROG_1818								PHROG_10376			PHROG_652						PHROG_5019	PHROG_21649			
PHROG_800				PHROG_3977	PHROG_3041														PHROG_3430					PHROG_3747					PHROG_1818													PHROG_9528	PHROG_2470		PHROG_10250	PHROG_455	PHROG_2244					PHROG_6211				PHROG_11161						PHROG_21474							PHROG_2072								PHROG_10447			PHROG_679						PHROG_5041				
PHROG_804				PHROG_3987	PHROG_3084														PHROG_3455					PHROG_3779					PHROG_1880													PHROG_9807	PHROG_2488		PHROG_10563	PHROG_459	PHROG_2450					PHROG_6344				PHROG_11370						PHROG_22602							PHROG_2086								PHROG_10465			PHROG_717						PHROG_5067				
PHROG_839				PHROG_3995	PHROG_3339														PHROG_3520					PHROG_3802					PHROG_1918													PHROG_10186	PHROG_2658		PHROG_11681	PHROG_460	PHROG_2475					PHROG_6611				PHROG_11427						PHROG_23224							PHROG_2426								PHROG_10474			PHROG_735						PHROG_5336				
PHROG_858				PHROG_4007	PHROG_3483														PHROG_4067					PHROG_3880					PHROG_1933													PHROG_10343	PHROG_2971		PHROG_12609	PHROG_461	PHROG_2488					PHROG_7383				PHROG_11641						PHROG_23366							PHROG_2470								PHROG_10504			PHROG_739						PHROG_5388				
PHROG_926				PHROG_4017	PHROG_3545														PHROG_4585					PHROG_3889					PHROG_2062													PHROG_10444	PHROG_3503		PHROG_13730	PHROG_468	PHROG_2835					PHROG_8012				PHROG_11811						PHROG_24532							PHROG_2488								PHROG_10610			PHROG_755						PHROG_5447				
PHROG_1224				PHROG_4034	PHROG_3987														PHROG_4733					PHROG_3890					PHROG_2087													PHROG_10487	PHROG_3715		PHROG_13892	PHROG_470	PHROG_3339					PHROG_8238				PHROG_12130						PHROG_26311							PHROG_2643								PHROG_10730			PHROG_802						PHROG_5822				
PHROG_1247				PHROG_4036	PHROG_4029														PHROG_4795					PHROG_3907					PHROG_2107													PHROG_10537	PHROG_3869		PHROG_14446	PHROG_471	PHROG_3462					PHROG_8651				PHROG_12154						PHROG_33037							PHROG_2855								PHROG_10853			PHROG_812						PHROG_5847				
PHROG_1383				PHROG_4038	PHROG_4042														PHROG_5038					PHROG_3914					PHROG_2164													PHROG_10794	PHROG_4053		PHROG_14639	PHROG_473	PHROG_3649					PHROG_11167				PHROG_12176						PHROG_36024							PHROG_3633								PHROG_10952			PHROG_832						PHROG_6076				
PHROG_1510				PHROG_4039	PHROG_4256														PHROG_32359					PHROG_3987					PHROG_2170													PHROG_10854	PHROG_4243		PHROG_15197	PHROG_475	PHROG_3668					PHROG_11315				PHROG_12230													PHROG_3754								PHROG_10994			PHROG_839						PHROG_6266				
PHROG_1550				PHROG_4040	PHROG_4339																			PHROG_4053					PHROG_2244													PHROG_10876	PHROG_4499		PHROG_15317	PHROG_480	PHROG_3754					PHROG_13983				PHROG_12507													PHROG_3891								PHROG_11101			PHROG_858						PHROG_6310				
PHROG_1578				PHROG_4082	PHROG_4542																			PHROG_4215					PHROG_2470													PHROG_10910	PHROG_4828		PHROG_16701	PHROG_481	PHROG_3869					PHROG_15503				PHROG_12612													PHROG_4212								PHROG_11111			PHROG_860						PHROG_6391				
PHROG_1735				PHROG_4109	PHROG_4593																			PHROG_4227					PHROG_2475													PHROG_11016	PHROG_5359		PHROG_17896	PHROG_483	PHROG_4243					PHROG_15770				PHROG_12675													PHROG_4254								PHROG_11183			PHROG_910						PHROG_7141				
PHROG_1934				PHROG_4114	PHROG_4871																			PHROG_4243					PHROG_2488													PHROG_11098	PHROG_5698		PHROG_22100	PHROG_484	PHROG_4245					PHROG_19047				PHROG_12698													PHROG_4848								PHROG_11349			PHROG_931						PHROG_30939				
PHROG_2018				PHROG_4116	PHROG_5496																			PHROG_4258					PHROG_2574													PHROG_11118	PHROG_5890		PHROG_24327	PHROG_485	PHROG_4339					PHROG_19349				PHROG_12715													PHROG_5989								PHROG_11425			PHROG_951										
PHROG_2114				PHROG_4141	PHROG_5614																			PHROG_4263					PHROG_2835													PHROG_11169	PHROG_5995		PHROG_29500	PHROG_488	PHROG_4717					PHROG_19892				PHROG_12967													PHROG_6052								PHROG_11445			PHROG_958										
PHROG_2144				PHROG_4146	PHROG_5680																			PHROG_4328					PHROG_2971													PHROG_11221	PHROG_6730		PHROG_33706	PHROG_495	PHROG_4771					PHROG_20607				PHROG_12974													PHROG_6234								PHROG_11539			PHROG_963										
PHROG_2241				PHROG_4190	PHROG_6266																			PHROG_4379					PHROG_3205													PHROG_11238	PHROG_7076			PHROG_500	PHROG_5614					PHROG_20852				PHROG_13018													PHROG_7775								PHROG_11584			PHROG_964										
PHROG_2319				PHROG_4230	PHROG_6310																			PHROG_4386					PHROG_3339													PHROG_11326	PHROG_7313			PHROG_507	PHROG_5668					PHROG_21294				PHROG_13048													PHROG_8480								PHROG_11627			PHROG_967										
PHROG_2396				PHROG_4251	PHROG_7145																			PHROG_4516					PHROG_3462													PHROG_11328	PHROG_8480			PHROG_512	PHROG_5890					PHROG_22655				PHROG_13063													PHROG_8859								PHROG_11668			PHROG_972										
PHROG_2426				PHROG_4262	PHROG_8995																			PHROG_4551					PHROG_3513													PHROG_11394	PHROG_8980			PHROG_515	PHROG_6743					PHROG_24040				PHROG_13102													PHROG_9677								PHROG_11696			PHROG_977										
PHROG_2488				PHROG_4266	PHROG_9690																			PHROG_4576					PHROG_3532													PHROG_11494	PHROG_9933			PHROG_516	PHROG_6791					PHROG_31511				PHROG_13168													PHROG_9683								PHROG_11807			PHROG_999										
PHROG_2524				PHROG_4277	PHROG_9851																			PHROG_4586					PHROG_3649													PHROG_11549	PHROG_9995			PHROG_522	PHROG_7320									PHROG_13305													PHROG_10745								PHROG_11945			PHROG_1002										
PHROG_2859				PHROG_4318	PHROG_10372																			PHROG_4593					PHROG_3668													PHROG_11583	PHROG_10749			PHROG_529	PHROG_9582									PHROG_13462													PHROG_12275								PHROG_12074			PHROG_1043										
PHROG_3271				PHROG_4327	PHROG_10581																			PHROG_4605					PHROG_3810													PHROG_11594	PHROG_11394			PHROG_552	PHROG_9638									PHROG_13464													PHROG_14658								PHROG_12208			PHROG_1045										
PHROG_3362				PHROG_4330	PHROG_10646																			PHROG_4731					PHROG_3869													PHROG_11604	PHROG_11725			PHROG_554	PHROG_9690									PHROG_13745													PHROG_14892								PHROG_12271			PHROG_1049										
PHROG_3465				PHROG_4332	PHROG_10922																			PHROG_4760					PHROG_4218													PHROG_11660	PHROG_13415			PHROG_564	PHROG_10948									PHROG_14089													PHROG_16259								PHROG_12661			PHROG_1051										
PHROG_3503				PHROG_4343	PHROG_10938																			PHROG_4804					PHROG_4245													PHROG_11674	PHROG_13558			PHROG_566	PHROG_11324									PHROG_14176													PHROG_18621								PHROG_12682			PHROG_1056										
PHROG_3594				PHROG_4348	PHROG_11029																			PHROG_4815					PHROG_4339													PHROG_11813	PHROG_13772			PHROG_568	PHROG_11371									PHROG_14248													PHROG_19384								PHROG_12762			PHROG_1064										
PHROG_3629				PHROG_4375	PHROG_11058																			PHROG_4820					PHROG_4376													PHROG_12055	PHROG_14393			PHROG_570	PHROG_12131									PHROG_14369													PHROG_20259								PHROG_12953			PHROG_1076										
PHROG_3650				PHROG_4382	PHROG_11127																			PHROG_4821					PHROG_4717													PHROG_12078	PHROG_15542			PHROG_580	PHROG_12517									PHROG_14417													PHROG_23627								PHROG_13186			PHROG_1079										
PHROG_3661				PHROG_4385	PHROG_11190																			PHROG_4905					PHROG_4771													PHROG_12081	PHROG_16726			PHROG_591	PHROG_12942									PHROG_14557													PHROG_24694								PHROG_13285			PHROG_1086										
PHROG_3676				PHROG_4391	PHROG_11196																			PHROG_4979					PHROG_5470													PHROG_12083	PHROG_18980			PHROG_605	PHROG_13558									PHROG_14629													PHROG_25491								PHROG_33253			PHROG_1102										
PHROG_3707				PHROG_4397	PHROG_11259																			PHROG_4984					PHROG_5890													PHROG_12127	PHROG_23456			PHROG_627	PHROG_13964									PHROG_14815													PHROG_25848											PHROG_1111										
PHROG_3733				PHROG_4401	PHROG_11279																			PHROG_5021					PHROG_5960													PHROG_12371	PHROG_24288			PHROG_634	PHROG_14336									PHROG_15951													PHROG_27011											PHROG_1135										
PHROG_3748				PHROG_4422	PHROG_11591																			PHROG_5077					PHROG_5989													PHROG_12373	PHROG_25042			PHROG_661	PHROG_14949									PHROG_16423													PHROG_27932											PHROG_1140										
PHROG_3764				PHROG_4424	PHROG_11637																			PHROG_5153					PHROG_6620													PHROG_12501	PHROG_25259			PHROG_685	PHROG_15953									PHROG_16534													PHROG_28551											PHROG_1143										
PHROG_3788				PHROG_4425	PHROG_11758																			PHROG_5236					PHROG_6791													PHROG_12666	PHROG_25354			PHROG_728	PHROG_16069									PHROG_16976													PHROG_28626											PHROG_1149										
PHROG_3795				PHROG_4427	PHROG_11778																			PHROG_5252					PHROG_6880													PHROG_12752	PHROG_25356			PHROG_848	PHROG_16701									PHROG_18461													PHROG_28953											PHROG_1166										
PHROG_3799				PHROG_4442	PHROG_11854																			PHROG_5265					PHROG_7313													PHROG_13025	PHROG_25710			PHROG_1184	PHROG_16999									PHROG_24970													PHROG_29642											PHROG_1168										
PHROG_3801				PHROG_4453	PHROG_11903																			PHROG_5271					PHROG_7590													PHROG_13111	PHROG_25871			PHROG_3987	PHROG_17020									PHROG_28804													PHROG_30124											PHROG_1185										
PHROG_3803				PHROG_4457	PHROG_12050																			PHROG_5291					PHROG_7683													PHROG_13501	PHROG_27027			PHROG_5989	PHROG_19918									PHROG_29786													PHROG_30183											PHROG_1203										
PHROG_3828				PHROG_4459	PHROG_12062																			PHROG_5357					PHROG_9690													PHROG_15781	PHROG_28877			PHROG_10644	PHROG_20074									PHROG_31467													PHROG_30398											PHROG_1246										
PHROG_3832				PHROG_4462	PHROG_12534																			PHROG_5468					PHROG_9787													PHROG_15971	PHROG_30252			PHROG_16259	PHROG_21201									PHROG_36005													PHROG_31126											PHROG_1250										
PHROG_3833				PHROG_4463	PHROG_12615																			PHROG_5473					PHROG_10066													PHROG_20221	PHROG_31354			PHROG_22758	PHROG_22485									PHROG_38876													PHROG_31325											PHROG_1253										
PHROG_3838				PHROG_4469	PHROG_12791																			PHROG_5486					PHROG_10141														PHROG_35763				PHROG_22677																						PHROG_31714											PHROG_1254										
PHROG_3839				PHROG_4473	PHROG_12928																			PHROG_5598					PHROG_10292														PHROG_36177				PHROG_24038																						PHROG_32182											PHROG_1256										
PHROG_3843				PHROG_4495	PHROG_13138																			PHROG_5792					PHROG_10980														PHROG_38558				PHROG_25518																						PHROG_32232											PHROG_1283										
PHROG_3844				PHROG_4532	PHROG_13211																			PHROG_5799					PHROG_11189																		PHROG_25611																						PHROG_32549											PHROG_1285										
PHROG_3852				PHROG_4559	PHROG_13349																			PHROG_5827					PHROG_11371																		PHROG_26011																						PHROG_32785											PHROG_1323										
PHROG_3867				PHROG_4640	PHROG_13438																			PHROG_5944					PHROG_12094																		PHROG_28442																						PHROG_32865											PHROG_1345										
PHROG_3902				PHROG_4713	PHROG_13484																			PHROG_5967					PHROG_12300																		PHROG_28876																						PHROG_33118											PHROG_1354										
PHROG_3905				PHROG_4725	PHROG_13657																			PHROG_5995					PHROG_12467																		PHROG_28997																						PHROG_33277											PHROG_1360										
PHROG_3911				PHROG_4726	PHROG_13789																			PHROG_6369					PHROG_12629																		PHROG_29208																						PHROG_34118											PHROG_1400										
PHROG_3923				PHROG_4963	PHROG_13859																			PHROG_6447					PHROG_12862																		PHROG_30201																						PHROG_35152											PHROG_1425										
PHROG_3957				PHROG_4982	PHROG_13986																			PHROG_18062					PHROG_14322																		PHROG_30579																						PHROG_36166											PHROG_1427										
PHROG_3959				PHROG_5064	PHROG_14064																			PHROG_31464					PHROG_14336																		PHROG_31483																						PHROG_36737											PHROG_1457										
PHROG_3961				PHROG_5082	PHROG_14154																			PHROG_34807					PHROG_14949																		PHROG_31887																						PHROG_37012											PHROG_1474										
PHROG_3998				PHROG_5089	PHROG_14336																			PHROG_37261					PHROG_15542																		PHROG_32623																						PHROG_37058											PHROG_1475										
PHROG_4048				PHROG_5180	PHROG_14394																								PHROG_15953																		PHROG_33451																						PHROG_37275											PHROG_1488										
PHROG_4050				PHROG_6279	PHROG_14802																								PHROG_16069																		PHROG_34045																						PHROG_37804											PHROG_1504										
PHROG_4059				PHROG_6375	PHROG_14844																								PHROG_17087																		PHROG_34521																						PHROG_37837											PHROG_1566										
PHROG_4097				PHROG_26260	PHROG_15894																								PHROG_17273																		PHROG_35599																						PHROG_37874											PHROG_1582										
PHROG_4100					PHROG_16075																								PHROG_18805																		PHROG_36119																						PHROG_37904											PHROG_1586										
PHROG_4130					PHROG_16202																								PHROG_19305																		PHROG_36717																						PHROG_38562											PHROG_1594										
PHROG_4154					PHROG_16726																								PHROG_19514																																								PHROG_38653											PHROG_1647										
PHROG_4163					PHROG_17056																								PHROG_19577																																								PHROG_38769											PHROG_1648										
PHROG_4164					PHROG_17311																								PHROG_19918																																																			PHROG_1683										
PHROG_4165					PHROG_17509																								PHROG_20637																																																			PHROG_1695										
PHROG_4168					PHROG_17560																								PHROG_21201																																																			PHROG_1976										
PHROG_4181					PHROG_17812																								PHROG_21469																																																			PHROG_3987										
PHROG_4236					PHROG_19775																								PHROG_21587																																																			PHROG_5989										
PHROG_4253					PHROG_21276																								PHROG_22171																																																			PHROG_9690										
PHROG_4255					PHROG_21416																								PHROG_22485																																																			PHROG_14892										
PHROG_4260					PHROG_21469																								PHROG_22899																																																			PHROG_33534										
PHROG_4322					PHROG_22593																								PHROG_27191																																																			PHROG_38392										
PHROG_4409					PHROG_22758																								PHROG_27592																																																													
PHROG_4435					PHROG_24267																								PHROG_28177																																																													
PHROG_4458					PHROG_27368																								PHROG_28442																																																													
PHROG_4460					PHROG_30773																								PHROG_28876																																																													
PHROG_4466					PHROG_33861																								PHROG_29208																																																													
PHROG_4514					PHROG_36964																								PHROG_29329																																																													
PHROG_4562					PHROG_37308																								PHROG_29784																																																													
PHROG_4600																													PHROG_31787																																																													
PHROG_4663																													PHROG_32617																																																													
PHROG_4677																													PHROG_32623																																																													
PHROG_4687																													PHROG_34045																																																													
PHROG_4696																													PHROG_34521																																																													
PHROG_4700																													PHROG_35599																																																													
PHROG_4789																													PHROG_35701																																																													
PHROG_4805																													PHROG_35741																																																													
PHROG_4814																													PHROG_35892																																																													
PHROG_4823																																																																																										
PHROG_4835																																																																																										
PHROG_4845																																																																																										
PHROG_5022																																																																																										
PHROG_5047																																																																																										
PHROG_5123																																																																																										
PHROG_5206																																																																																										
PHROG_5397																																																																																										
PHROG_5426																																																																																										
PHROG_5593																																																																																										
PHROG_5613																																																																																										
PHROG_6569																																																																																										
PHROG_8337																																																																																										
PHROG_9000																																																																																										
PHROG_9633																																																																																										
PHROG_9690																																																																																										
PHROG_10139																																																																																										
PHROG_10582																																																																																										
PHROG_20648																																																																																										
PHROG_21887																																																																																										
PHROG_36964																																																																																										
